{
    "1": {
        "data": [
            534,
            10,
            1,
            0,
            0,
            0,
            0,
            1,
            0,
            0
        ],
        "count": 546,
        "accuracy": 0.978021978021978
    },
    "2": {
        "data": [
            3,
            470,
            74,
            0,
            0,
            0,
            0,
            0,
            0,
            0
        ],
        "count": 547,
        "accuracy": 0.8592321755027422
    },
    "3": {
        "data": [
            2,
            71,
            478,
            0,
            0,
            0,
            0,
            0,
            0,
            0
        ],
        "count": 551,
        "accuracy": 0.867513611615245
    },
    "4": {
        "data": [
            0,
            1,
            0,
            1386,
            16,
            2,
            2,
            2,
            0,
            0
        ],
        "count": 1409,
        "accuracy": 0.9836763662171752
    },
    "5": {
        "data": [
            0,
            0,
            1,
            11,
            1311,
            0,
            0,
            3,
            0,
            0
        ],
        "count": 1326,
        "accuracy": 0.9886877828054299
    },
    "6": {
        "data": [
            0,
            1,
            0,
            0,
            0,
            1577,
            3,
            7,
            0,
            0
        ],
        "count": 1588,
        "accuracy": 0.993073047858942
    },
    "7": {
        "data": [
            0,
            0,
            0,
            1,
            0,
            0,
            1602,
            2,
            0,
            1
        ],
        "count": 1606,
        "accuracy": 0.9975093399750934
    },
    "8": {
        "data": [
            0,
            1,
            0,
            1,
            0,
            13,
            4,
            1556,
            0,
            0
        ],
        "count": 1575,
        "accuracy": 0.9879365079365079
    },
    "9": {
        "data": [
            2,
            0,
            0,
            0,
            0,
            0,
            0,
            0,
            4889,
            4
        ],
        "count": 4895,
        "accuracy": 0.9987742594484168
    },
    "10": {
        "data": [
            0,
            0,
            0,
            0,
            0,
            0,
            0,
            0,
            4,
            5937
        ],
        "count": 5941,
        "accuracy": 0.9993267126746339
    },
    "summary": {
        "1": {
            "accuracy": 0.978021978021978,
            "count": 546
        },
        "2": {
            "accuracy": 0.8592321755027422,
            "count": 547
        },
        "3": {
            "accuracy": 0.867513611615245,
            "count": 551
        },
        "4": {
            "accuracy": 0.9836763662171752,
            "count": 1409
        },
        "5": {
            "accuracy": 0.9886877828054299,
            "count": 1326
        },
        "6": {
            "accuracy": 0.993073047858942,
            "count": 1588
        },
        "7": {
            "accuracy": 0.9975093399750934,
            "count": 1606
        },
        "8": {
            "accuracy": 0.9879365079365079,
            "count": 1575
        },
        "9": {
            "accuracy": 0.9987742594484168,
            "count": 4895
        },
        "10": {
            "accuracy": 0.9993267126746339,
            "count": 5941
        }
    }
}